country,population,averageAge,birthRate,mortality,migration,undernourish,cornProduction,cornExports,cornImports,cornLand,wheatProduction,wheatExports,wheatImports,wheatLand,riceProduction,riceExports,riceImports,riceLand,soyProduction,soyExports,soyImports,soyLand,otherProduction,otherExports,otherImports,otherLand,landArea,arableOpen,organic,conventional,gmo,2015,2016,2017,2018,2019,2020,2021,2022,2023,2024,2025,2026,2027,2028,2029,2030,2031,2032,2033,2034,2035,2036,2037,2038,2039,2040,2041,2042,2043,2044,2045,2046,2047,2048,2049,2050
String,int,int,int,int,int,int,double,double,double,double,double,double,double,double,double,double,double,double,double,double,double,double,double,double,double,double,double,double,double,double,double,int,int,int,int,int,int,int,int,int,int,int,int,int,int,int,int,int,int,int,int,int,int,int,int,int,int,int,int,int,int,int,int,int,int,int,int
Afghanistan,39106000,16,35,8,-3,24,300120,45,2885,1830,3388000,0,1758691,22320,448224,0,73110,2100,0,0,0,0,2602689,273980,980216,52850,652860,278771.22,0.00000759,0.99999241,0,32007,32730,33453,34181,34917,35667,36431,37207,37992,38781,39571,40360,41148,41934,42718,43500,44278,45051,45817,46574,47319,48051,48771,49475,50163,50834,51486,52119,52734,53331,53911,54473,55018,55545,56056,56551
Albania,76000,32,12,7,-6,5,366400,210,51809,612,292800,3953,388748,692.19,0,37,20766,0,600,0,37,3.24,1764969,52335,337960,5652.57,27400,26084.8,0.00833333,0.99166667,0,3197,3207,3217,3226,3234,3243,3251,3260,3268,3276,3283,3290,3297,3303,3307,3311,3312,3312,3311,3308,3303,3296,3288,3278,3267,3255,3241,3227,3212,3196,3180,3163,3146,3128,3111,3094
Algeria,22364000,26,25,6,-1,5,575,0,3177667,2.46,2554926,4505,7486774,16724.31,183,5,85812,1.79,0,0,81,0,15175188,483266,4007848,67481.44,2381740,242937.48,0.00008194,0.99991806,0,40633,41316,41977,42615,43232,43830,44407,44961,45491,45998,46480,46939,47373,47787,48182,48561,48926,49276,49614,49944,50267,50584,50896,51204,51508,51810,52109,52406,52698,52985,53266,53538,53802,54056,54297,54522
